"","param","value"
"1","R0",3
"2","gamma",0.0714285714285714
"3","sigma",0.142857142857143
"4","omega",1
"5","mu",0.0131578947368421
"6","alpha",0
"7","beta",0.21
